genre,元旦,六月节,复活节,总统日,耶稣受难日,阵亡将士纪念日,马丁·路德·金日
冒险,1,0,0,4,2,10,3
剧情,5,5,2,19,3,20,25
动作,3,1,0,4,2,14,4
动画,1,0,0,0,0,0,0
历史,0,0,0,0,2,1,6
喜剧,16,1,0,0,2,12,2
奇幻,4,0,0,0,3,0,4
家庭,3,0,0,0,0,0,0
恐怖,6,0,0,0,0,2,5
悬疑,2,3,0,0,0,2,5
惊悚,4,0,0,11,1,2,8
战争,0,0,0,0,1,0,1
爱情,5,1,0,11,1,1,1
犯罪,3,3,0,11,2,2,1
科幻,7,0,0,5,1,1,1
纪录,0,0,0,4,0,0,0
西部,1,0,0,0,1,10,0
音乐,2,0,0,0,0,0,0
